Jeu,Algo,Structure,TouteUnif,Iteration,Temps_Pretraitement,Temps_Total,RAM_Pic_Mo,CPU_Percent,Nb_Unifications
jeu1,arbre,unique,True,1,0.12924045795807615,0.32040087500354275,37.92386817932129,99.9,3210
jeu1,arbre,unique,True,2,0.13071499997749925,0.32274466700619087,37.92386817932129,99.9,3210
jeu1,arbre,unique,True,3,0.13143262499943376,0.32323191699106246,37.92386817932129,99.9,3210
jeu1,arbre,unique,True,4,0.13086745800683275,0.3226572500425391,37.92386817932129,99.9,3210
jeu1,arbre,unique,True,5,0.13019404205260798,0.32181879197014496,37.92386817932129,99.9,3210
jeu1,arbre,unique,True,6,0.13046191702596843,0.32037004095036536,37.92386817932129,99.9,3210
jeu1,arbre,unique,True,7,0.1324147909763269,0.3249732909607701,37.92386817932129,99.7,3210
jeu1,arbre,unique,True,8,0.13184924999950454,0.32497337501263246,37.92386817932129,99.7,3210
jeu1,arbre,unique,True,9,0.1356308750109747,0.327322292025201,37.92386817932129,99.7,3210
jeu1,arbre,unique,True,10,0.13458341703517362,0.32688649999909103,37.92386817932129,99.7,3210
jeu1,arbre,unique,False,1,0.13304904202232137,0.3894363750005141,37.52177715301514,99.8,14
jeu1,arbre,unique,False,2,0.13154541701078415,0.3885496660368517,37.52177715301514,99.8,14
jeu1,arbre,unique,False,3,0.13148633303353563,0.38703104096930474,37.52177715301514,99.9,14
jeu1,arbre,unique,False,4,0.1305853750091046,0.38652724999701604,37.52177715301514,100.0,14
jeu1,arbre,unique,False,5,0.1328978329547681,0.3882540420163423,37.52177715301514,99.8,14
jeu1,arbre,unique,False,6,0.13368766603525728,0.39180058403871953,37.52177715301514,99.8,14
jeu1,arbre,unique,False,7,0.1309493340086192,0.38966337498277426,37.52177715301514,99.8,14
jeu1,arbre,unique,False,8,0.12974125001346692,0.3863820420228876,37.52177715301514,99.9,14
jeu1,arbre,unique,False,9,0.13008212501881644,0.38471408403711393,37.52177715301514,99.9,14
jeu1,arbre,unique,False,10,0.1309105419786647,0.3857299580122344,37.52177715301514,100.0,14
jeu2,arbre,unique,True,1,0.6041079169954173,1.3474355830112472,94.08994388580322,100.0,24876
jeu2,arbre,unique,True,2,0.6110372910043225,1.340556125040166,94.08994388580322,100.0,24876
jeu2,arbre,unique,True,3,0.6038701250217855,1.3265585000044666,94.08994388580322,100.0,24876
jeu2,arbre,unique,True,4,0.5954926669946872,1.3409803750109859,94.08994388580322,100.0,24876
jeu2,arbre,unique,True,5,0.5995697090402246,1.3578900420106947,94.08994388580322,100.0,24876
jeu2,arbre,unique,True,6,0.5870518329902552,1.3191426249686629,94.08994388580322,100.0,24876
jeu2,arbre,unique,True,7,0.6011615000315942,1.3481700839474797,94.08994388580322,100.0,24876
jeu2,arbre,unique,True,8,0.5920107080019079,1.3455236250301823,94.08994388580322,100.0,24876
jeu2,arbre,unique,True,9,0.5842063750023954,1.3245406670030206,94.08994388580322,100.0,24876
jeu2,arbre,unique,True,10,0.5934706249972805,1.3224540829542093,94.08994388580322,100.0,24876
jeu2,arbre,unique,False,1,0.5993221250246279,1.38103529100772,90.44798374176025,100.0,18
jeu2,arbre,unique,False,2,0.5924378749914467,1.3706574160023592,90.44798374176025,100.0,18
jeu2,arbre,unique,False,3,0.5970833750325255,1.3730931250029244,90.44798374176025,100.0,18
jeu2,arbre,unique,False,4,0.5987177079659887,1.3821441669715568,90.44798374176025,100.0,18
jeu2,arbre,unique,False,5,0.5967723329667933,1.3828518329537474,90.44798374176025,100.0,18
jeu2,arbre,unique,False,6,0.5980413340148516,1.3763142920215614,90.44798374176025,100.0,18
jeu2,arbre,unique,False,7,0.6108931670314632,1.3963029999868013,90.44798374176025,100.0,18
jeu2,arbre,unique,False,8,0.5957629169570282,1.381496041023638,90.44798374176025,100.0,18
jeu2,arbre,unique,False,9,0.5876248329877853,1.3559590840013698,90.44798374176025,100.0,18
jeu2,arbre,unique,False,10,0.589906582958065,1.3679417920066044,90.44798374176025,100.0,18
jeu3,arbre,unique,True,1,16.380153125035577,37.2712857919978,3302.6397523880005,93.5,146118
jeu3,arbre,unique,True,2,16.189101958007086,35.168943167023826,3302.6397523880005,96.5,146118
jeu3,arbre,unique,True,3,14.91922479198547,33.67533054202795,3302.6397523880005,97.2,146118
jeu3,arbre,unique,True,4,14.442732708004769,32.48350674996618,3302.6397523880005,97.5,146118
jeu3,arbre,unique,True,5,14.537420791981276,32.59086358296918,3302.6397523880005,97.0,146118
jeu3,arbre,unique,True,6,14.71168620797107,32.56636741705006,3302.6397523880005,97.1,146118
jeu3,arbre,unique,True,7,15.044525292003527,33.48204766603885,3302.6397523880005,96.9,146118
jeu3,arbre,unique,True,8,16.201839999994263,36.95812487503281,3302.6397523880005,93.9,146118
jeu3,arbre,unique,True,9,16.334648165968247,36.694014041044284,3302.6397523880005,95.1,146118
jeu3,arbre,unique,True,10,14.61159566702554,33.059609375020955,3302.6397523880005,96.1,146118
jeu3,arbre,unique,False,1,14.752537375024986,40.666460582986474,3268.9308519363403,96.5,16
jeu3,arbre,unique,False,2,14.790919542021584,40.06814650003798,3268.9308519363403,97.4,16
jeu3,arbre,unique,False,3,14.964762416959275,38.83728654199513,3268.9308519363403,97.6,16
jeu3,arbre,unique,False,4,16.00958404201083,43.480762291990686,3268.9308519363403,95.5,16
jeu3,arbre,unique,False,5,15.045288458990399,40.10070358403027,3268.9308519363403,97.4,16
jeu3,arbre,unique,False,6,14.508784457982983,38.34244875004515,3268.9308519363403,97.5,16
jeu3,arbre,unique,False,7,14.666227250010706,39.250787291966844,3268.9308519363403,97.5,16
jeu3,arbre,unique,False,8,14.645043083990458,39.343794791959226,3268.9308519363403,97.7,16
jeu3,arbre,unique,False,9,14.641577834030613,39.57551200001035,3268.9308519363403,97.4,16
jeu3,arbre,unique,False,10,16.140890374954324,45.6565910410136,3268.9308519363403,93.7,16
jeu4,arbre,unique,True,1,0.37372087500989437,0.8380984999821521,121.5196361541748,100.0,1166
jeu4,arbre,unique,True,2,0.3773126250016503,0.8363051660126075,121.5196361541748,100.0,1166
jeu4,arbre,unique,True,3,0.37062791700009257,0.8253764160326682,121.5196361541748,100.0,1166
jeu4,arbre,unique,True,4,0.37775699998019263,0.8337977079791017,121.5196361541748,100.0,1166
jeu4,arbre,unique,True,5,0.369056791998446,0.8199586250120774,121.5196361541748,100.0,1166
jeu4,arbre,unique,True,6,0.37198862503282726,0.8298002500087023,121.5196361541748,100.0,1166
jeu4,arbre,unique,True,7,0.3732195420307107,0.8313608749886043,121.5196361541748,100.0,1166
jeu4,arbre,unique,True,8,0.38146475004032254,0.843415666022338,121.5196361541748,100.0,1166
jeu4,arbre,unique,True,9,0.373984209029004,0.8372977909748442,121.5196361541748,100.0,1166
jeu4,arbre,unique,True,10,0.37211941595887765,0.8255532089970075,121.5196361541748,100.0,1166
jeu4,arbre,unique,False,1,0.3666654170374386,1.0876063749892637,121.29133987426758,100.0,10
jeu4,arbre,unique,False,2,0.3723079999908805,1.1009509169962257,121.29133987426758,100.0,10
jeu4,arbre,unique,False,3,0.3713610839913599,1.115603041020222,121.29133987426758,100.0,10
jeu4,arbre,unique,False,4,0.3683837910066359,1.0899909169529565,121.29133987426758,100.0,10
jeu4,arbre,unique,False,5,0.3744520000182092,1.098618499992881,121.29133987426758,100.0,10
jeu4,arbre,unique,False,6,0.3721302499761805,1.1071104999864474,121.29133987426758,100.0,10
jeu4,arbre,unique,False,7,0.37411616602912545,1.1071693330304697,121.29133987426758,100.0,10
jeu4,arbre,unique,False,8,0.3726262919954024,1.1023097499855794,121.29133987426758,100.0,10
jeu4,arbre,unique,False,9,0.37397629203042015,1.092369417019654,121.29133987426758,100.0,10
jeu4,arbre,unique,False,10,0.372949915996287,1.0957988330046646,121.29133987426758,100.0,10
jeu5,arbre,unique,True,1,3.4401053330511786,7.729458457964938,1034.1095418930054,99.7,13595
jeu5,arbre,unique,True,2,3.324865791015327,7.6105275000445545,1034.1095418930054,100.0,13595
jeu5,arbre,unique,True,3,3.351261292002164,7.633562208036892,1034.1095418930054,100.0,13595
jeu5,arbre,unique,True,4,3.4100076670292765,7.883175750030205,1034.1095418930054,100.0,13595
jeu5,arbre,unique,True,5,3.3240232500247657,7.549281041952781,1034.1095418930054,100.0,13595
jeu5,arbre,unique,True,6,3.350324708968401,7.614497541973833,1034.1095418930054,100.0,13595
jeu5,arbre,unique,True,7,3.372104624984786,7.641050250036642,1034.1095418930054,100.0,13595
jeu5,arbre,unique,True,8,3.356427166960202,7.610832333972212,1034.1095418930054,100.0,13595
jeu5,arbre,unique,True,9,3.3228494580253027,7.5897961250157095,1034.1095418930054,100.0,13595
jeu5,arbre,unique,True,10,3.3254375829710625,7.576201040996239,1034.1095418930054,96.7,13595
jeu5,arbre,unique,False,1,3.409646541986149,9.597699416975956,1031.459815979004,100.0,14
jeu5,arbre,unique,False,2,3.4622174160322174,9.74085995805217,1031.459815979004,100.0,14
jeu5,arbre,unique,False,3,3.5091343329986557,9.735107208020054,1031.459815979004,100.0,14
jeu5,arbre,unique,False,4,3.599759124976117,10.609300084004644,1031.459815979004,100.0,14
jeu5,arbre,unique,False,5,4.02171433402691,11.302886041987222,1031.459815979004,100.0,14
jeu5,arbre,unique,False,6,4.022621040989179,11.410574458015617,1031.459815979004,100.0,14
jeu5,arbre,unique,False,7,4.080883707967587,11.524173207988497,1031.459815979004,100.0,14
jeu5,arbre,unique,False,8,4.109337083005812,11.542565290990751,1031.459815979004,99.9,14
jeu5,arbre,unique,False,9,4.033905583026353,11.816254124976695,1031.459815979004,99.1,14
jeu5,arbre,unique,False,10,3.9193882920080796,11.106737375026569,1031.459815979004,100.0,14
jeu6,arbre,unique,True,1,17.383821916999295,35.777827292040456,3726.353744506836,92.5,85718
jeu6,arbre,unique,True,2,17.855856957961805,33.26988949999213,3726.353744506836,94.2,85718
jeu6,arbre,unique,True,3,17.04130379104754,33.1401954589528,3726.353744506836,93.3,85718
jeu6,arbre,unique,True,4,17.030518249957822,35.64195770799415,3726.353744506836,94.1,85718
jeu6,arbre,unique,True,5,17.48637904098723,34.1284600829822,3726.353744506836,93.9,85718
jeu6,arbre,unique,True,6,22.03752725000959,44.27781029196922,3726.353744506836,93.6,85718
jeu6,arbre,unique,True,7,16.90154499997152,32.251120000029914,3726.353744506836,96.0,85718
jeu6,arbre,unique,True,8,16.61076224996941,31.841967415995896,3726.353744506836,96.3,85718
jeu6,arbre,unique,True,9,16.513099917036016,31.807382915983908,3726.353744506836,96.1,85718
jeu6,arbre,unique,True,10,16.538740165997297,31.789334332977887,3726.353744506836,96.5,85718
jeu6,arbre,unique,False,1,16.55875562503934,35.50637575000292,3710.691177368164,93.0,18
jeu6,arbre,unique,False,2,16.24032849998912,35.79308991704602,3710.691177368164,97.1,18
jeu6,arbre,unique,False,3,16.86644220899325,36.961210042005405,3710.691177368164,97.0,18
jeu6,arbre,unique,False,4,17.28595679195132,37.216096749994904,3710.691177368164,97.0,18
jeu6,arbre,unique,False,5,16.730991124990396,35.94503787497524,3710.691177368164,96.5,18
jeu6,arbre,unique,False,6,20.843670292000752,41.81306258396944,3710.691177368164,94.9,18
jeu6,arbre,unique,False,7,16.645336875051726,35.97154708398739,3710.691177368164,96.5,18
jeu6,arbre,unique,False,8,16.290545957977884,35.51189837499987,3710.691177368164,96.8,18
jeu6,arbre,unique,False,9,16.260594749997836,36.18304229096975,3710.691177368164,96.6,18
jeu6,arbre,unique,False,10,16.70206620800309,35.81002208299469,3710.691177368164,96.4,18
jeu7,arbre,unique,True,1,0.3576567079871893,0.801202458969783,118.67609596252441,100.0,1785
jeu7,arbre,unique,True,2,0.3599849999882281,0.8049135829787701,118.67609596252441,100.0,1785
jeu7,arbre,unique,True,3,0.35968362499261275,0.8042381670093164,118.67609596252441,100.0,1785
jeu7,arbre,unique,True,4,0.36951450002379715,0.8175712919910438,118.67609596252441,100.0,1785
jeu7,arbre,unique,True,5,0.36362862499663606,0.8078705829684623,118.67609596252441,100.0,1785
jeu7,arbre,unique,True,6,0.36641845799749717,0.8119738330133259,118.67609596252441,100.0,1785
jeu7,arbre,unique,True,7,0.3633061670116149,0.8102653340320103,118.67609596252441,100.0,1785
jeu7,arbre,unique,True,8,0.36347954196389765,0.8087933330098167,118.67609596252441,100.0,1785
jeu7,arbre,unique,True,9,0.35728154197568074,0.8025030830176547,118.67609596252441,100.0,1785
jeu7,arbre,unique,True,10,0.3600476669962518,0.8045923329773359,118.67609596252441,100.0,1785
jeu7,arbre,unique,False,1,0.36568229203112423,1.0041875000461005,118.36800479888916,100.0,16
jeu7,arbre,unique,False,2,0.36548366700299084,1.00217337498907,118.36800479888916,100.0,16
jeu7,arbre,unique,False,3,0.36630245798733085,1.0051950420020148,118.36800479888916,100.0,16
jeu7,arbre,unique,False,4,0.3655422499869019,1.00109562498983,118.36800479888916,100.0,16
jeu7,arbre,unique,False,5,0.36176537501160055,1.002950249996502,118.36800479888916,100.0,16
jeu7,arbre,unique,False,6,0.36511516699101776,1.0018734580371529,118.36800479888916,100.0,16
jeu7,arbre,unique,False,7,0.36108299996703863,0.9934982500271872,118.36800479888916,100.0,16
jeu7,arbre,unique,False,8,0.36043395899469033,0.99660504196072,118.36800479888916,100.0,16
jeu7,arbre,unique,False,9,0.36237133300164714,1.0039756249752827,118.36800479888916,100.0,16
jeu7,arbre,unique,False,10,0.3604104170226492,1.0050658750114962,118.36800479888916,100.0,16
jeu8,arbre,unique,True,1,3.926212874997873,8.878146999981254,1240.7758445739746,99.7,8264
jeu8,arbre,unique,True,2,3.833026207983494,8.773102000006475,1240.7758445739746,100.0,8264
jeu8,arbre,unique,True,3,3.814732250000816,8.738178125000559,1240.7758445739746,100.0,8264
jeu8,arbre,unique,True,4,3.8067305409931578,8.731301916996017,1240.7758445739746,100.0,8264
jeu8,arbre,unique,True,5,4.030527958995663,9.05896362499334,1240.7758445739746,99.2,8264
jeu8,arbre,unique,True,6,3.85842004197184,8.800310457998421,1240.7758445739746,100.0,8264
jeu8,arbre,unique,True,7,3.820518833003007,8.76254083297681,1240.7758445739746,100.0,8264
jeu8,arbre,unique,True,8,3.813779791002162,8.74551583302673,1240.7758445739746,100.0,8264
jeu8,arbre,unique,True,9,3.8356571670155972,8.771890459000133,1240.7758445739746,100.0,8264
jeu8,arbre,unique,True,10,3.84355599997798,8.796438749996014,1240.7758445739746,100.0,8264
jeu8,arbre,unique,False,1,3.8684415420284495,11.268281458003912,1239.0145797729492,99.9,18
jeu8,arbre,unique,False,2,3.8370821669814177,11.061922000022605,1239.0145797729492,100.0,18
jeu8,arbre,unique,False,3,3.8646394580136985,11.086835584021173,1239.0145797729492,100.0,18
jeu8,arbre,unique,False,4,3.8479999160044827,11.040824332972988,1239.0145797729492,100.0,18
jeu8,arbre,unique,False,5,3.8255946669960395,11.023028458992485,1239.0145797729492,100.0,18
jeu8,arbre,unique,False,6,3.8434201249619946,11.009045375045389,1239.0145797729492,100.0,18
jeu8,arbre,unique,False,7,3.840742665983271,11.051784667011816,1239.0145797729492,100.0,18
jeu8,arbre,unique,False,8,3.7911103750229813,10.914270417008083,1239.0145797729492,100.0,18
jeu8,arbre,unique,False,9,3.8492562499595806,11.031324583978858,1239.0145797729492,100.0,18
jeu8,arbre,unique,False,10,3.846078625007067,11.0433470410062,1239.0145797729492,100.0,18
jeu9,arbre,unique,True,1,53.17328191699926,120.53679824998835,10211.434453010559,79.8,223822
jeu9,arbre,unique,True,2,42.68192620901391,105.47274645901052,10211.434453010559,86.5,223822
jeu9,arbre,unique,True,3,43.48364408395719,104.59324170899345,10211.434453010559,85.5,223822
jeu9,arbre,unique,True,4,43.790720125020016,103.35114108398557,10211.434453010559,85.3,223822
jeu9,arbre,unique,True,5,41.87171679199673,100.79908641596558,10211.434453010559,87.4,223822
jeu9,arbre,unique,True,6,49.57123220898211,119.75789283303311,10211.434453010559,83.8,223822
jeu9,arbre,unique,True,7,48.66466416604817,115.0766224580002,10211.434453010559,84.1,223822
jeu9,arbre,unique,True,8,44.25239091704134,107.21658558404306,10211.434453010559,87.4,223822
jeu9,arbre,unique,True,9,47.34825641702628,113.21467000001576,10211.434453010559,86.2,223822
jeu9,arbre,unique,True,10,47.9242547499598,117.02157904097112,10211.434453010559,86.8,223822
jeu9,arbre,unique,False,1,44.67601049999939,142.39224137499696,10186.973735809326,79.0,18
jeu9,arbre,unique,False,2,42.92793854203774,129.72587987501174,10186.973735809326,87.8,18
jeu9,arbre,unique,False,3,45.099843207979575,139.35811783297686,10186.973735809326,84.8,18
jeu9,arbre,unique,False,4,46.04253804101609,138.75846025004284,10186.973735809326,85.8,18
jeu9,arbre,unique,False,5,45.6477477090084,139.08980341698043,10186.973735809326,86.2,18
jeu9,arbre,unique,False,6,43.9599592500017,139.89432337495964,10186.973735809326,85.9,18
jeu9,arbre,unique,False,7,47.00894054095261,145.50821145798545,10186.973735809326,85.5,18
jeu9,arbre,unique,False,8,45.53967787500005,138.84055841702502,10186.973735809326,81.6,18
jeu9,arbre,unique,False,9,46.635895666026045,145.92628200002946,10186.973735809326,86.5,18
jeu9,arbre,unique,False,10,45.780744958959986,143.76088504202198,10186.973735809326,86.8,18
jeu10,arbre,unique,True,1,0.48000087501714006,1.18198754201876,140.86758518218994,100.0,1718
jeu10,arbre,unique,True,2,0.450057125010062,1.1512971249758266,140.86758518218994,100.0,1718
jeu10,arbre,unique,True,3,0.45961012499174103,1.1583646250073798,140.86758518218994,100.0,1718
jeu10,arbre,unique,True,4,0.4559474590350874,1.1520116250030696,140.86758518218994,100.0,1718
jeu10,arbre,unique,True,5,0.4721773749915883,1.2013889999943785,140.86758518218994,100.0,1718
jeu10,arbre,unique,True,6,0.47375062498031184,1.1777172919828445,140.86758518218994,100.0,1718
jeu10,arbre,unique,True,7,0.45354079199023545,1.1542423750506714,140.86758518218994,100.0,1718
jeu10,arbre,unique,True,8,0.46167770796455443,1.1436729580163956,140.86758518218994,100.0,1718
jeu10,arbre,unique,True,9,0.45350162498652935,1.1648568750242703,140.86758518218994,100.0,1718
jeu10,arbre,unique,True,10,0.4636660839896649,1.1608270829892717,140.86758518218994,100.0,1718
jeu10,arbre,unique,False,1,0.4628647909848951,1.5654169580084272,140.57244873046875,100.0,16
jeu10,arbre,unique,False,2,0.4500762920361012,1.5243870420381427,140.57244873046875,100.0,16
jeu10,arbre,unique,False,3,0.4645460419706069,1.5391363329836167,140.57244873046875,100.0,16
jeu10,arbre,unique,False,4,0.4659199159941636,1.5456944170291536,140.57244873046875,100.0,16
jeu10,arbre,unique,False,5,0.47167637501843274,1.5379869169555604,140.57244873046875,100.0,16
jeu10,arbre,unique,False,6,0.47429295803885907,1.5541272499831393,140.57244873046875,100.0,16
jeu10,arbre,unique,False,7,0.46557516598841175,1.5455910000018775,140.57244873046875,100.0,16
jeu10,arbre,unique,False,8,0.45896925003034994,1.5386372920474969,140.57244873046875,100.0,16
jeu10,arbre,unique,False,9,0.45449799997732043,1.5297101669711992,140.57244873046875,100.0,16
jeu10,arbre,unique,False,10,0.4427610830171034,1.5151056670001708,140.57244873046875,100.0,16
jeu11,arbre,unique,True,1,3.7235665830085054,9.10502662503859,1093.8455324172974,100.0,17930
jeu11,arbre,unique,True,2,3.6650902910041623,9.054788208042737,1093.8455324172974,100.0,17930
jeu11,arbre,unique,True,3,3.699292667035479,9.063707166991662,1093.8455324172974,100.0,17930
jeu11,arbre,unique,True,4,3.689068584004417,9.042308249976486,1093.8455324172974,100.0,17930
jeu11,arbre,unique,True,5,3.6770468750037253,9.214099666976836,1093.8455324172974,99.8,17930
jeu11,arbre,unique,True,6,3.659308083006181,9.049029999994673,1093.8455324172974,100.0,17930
jeu11,arbre,unique,True,7,3.6940119590144604,9.114927291986533,1093.8455324172974,100.0,17930
jeu11,arbre,unique,True,8,3.68359650002094,9.094029499974567,1093.8455324172974,100.0,17930
jeu11,arbre,unique,True,9,3.6571767080458812,9.05787637497997,1093.8455324172974,100.0,17930
jeu11,arbre,unique,True,10,3.6485855829669163,8.961089416989125,1093.8455324172974,100.0,17930
jeu11,arbre,unique,False,1,3.731163083051797,11.867236208054237,1091.3443298339844,100.0,16
jeu11,arbre,unique,False,2,3.670318500022404,11.733121291035786,1091.3443298339844,100.0,16
jeu11,arbre,unique,False,3,3.743382584012579,11.938483499980066,1091.3443298339844,100.0,16
jeu11,arbre,unique,False,4,3.7148495829897,11.89842766703805,1091.3443298339844,100.0,16
jeu11,arbre,unique,False,5,3.725528665992897,11.935404792020563,1091.3443298339844,100.0,16
jeu11,arbre,unique,False,6,3.6962142920237966,11.871389125008136,1091.3443298339844,100.0,16
jeu11,arbre,unique,False,7,3.6757267500506714,11.766062666021753,1091.3443298339844,100.0,16
jeu11,arbre,unique,False,8,3.6723642500001006,11.812283792009111,1091.3443298339844,100.0,16
jeu11,arbre,unique,False,9,3.6671789169777185,11.727774083032273,1091.3443298339844,99.9,16
jeu11,arbre,unique,False,10,3.683791082992684,11.787338332971558,1091.3443298339844,100.0,16
jeu12,arbre,unique,True,1,45.652156625001226,110.47720595798455,9612.873446464539,84.9,167502
jeu12,arbre,unique,True,2,44.09742887504399,109.10719287500251,9612.873446464539,85.9,167502
jeu12,arbre,unique,True,3,43.29023225000128,107.20018020801945,9612.873446464539,86.7,167502
jeu12,arbre,unique,True,4,43.24269920901861,109.37162849999731,9612.873446464539,86.5,167502
jeu12,arbre,unique,True,5,43.042490374995396,106.20650470798137,9612.873446464539,87.0,167502
jeu12,arbre,unique,True,6,44.02645595901413,108.40427833300782,9612.873446464539,86.8,167502
jeu12,arbre,unique,True,7,42.51362725003855,107.60905020899372,9612.873446464539,87.5,167502
jeu12,arbre,unique,True,8,43.45282191596925,107.5005356670008,9612.873446464539,87.1,167502
jeu12,arbre,unique,True,9,43.22693341696868,107.83515312499367,9612.873446464539,87.3,167502
jeu12,arbre,unique,True,10,43.006265666976105,106.78189375001239,9612.873446464539,87.3,167502
jeu12,arbre,unique,False,1,42.00210891698953,135.47538899997016,9588.585767745972,89.2,18
jeu12,arbre,unique,False,2,43.545543708023615,139.0599320420297,9588.585767745972,88.6,18
jeu12,arbre,unique,False,3,44.54202829202404,154.40800683305133,9588.585767745972,88.5,18
jeu12,arbre,unique,False,4,44.809900249994826,141.03636079200078,9588.585767745972,88.1,18
jeu12,arbre,unique,False,5,44.327208290982526,136.96260712499497,9588.585767745972,88.0,18
jeu12,arbre,unique,False,6,41.65962008299539,129.87229020800442,9588.585767745972,85.9,18
jeu12,arbre,unique,False,7,40.547638625022955,127.77773545804666,9588.585767745972,87.8,18
jeu12,arbre,unique,False,8,40.463995500002056,129.1688908340293,9588.585767745972,87.4,18
jeu12,arbre,unique,False,9,40.364705457992386,127.0496994999703,9588.585767745972,87.7,18
jeu12,arbre,unique,False,10,39.35794995800825,124.76292466698214,9588.585767745972,88.4,18
jeu13,arbre,unique,True,1,0.1572329580085352,0.39328012499026954,48.060975074768066,100.0,2090
jeu13,arbre,unique,True,2,0.15555433405097574,0.39766095799859613,48.060975074768066,100.0,2090
jeu13,arbre,unique,True,3,0.16212179098511115,0.4028702500509098,48.060975074768066,100.0,2090
jeu13,arbre,unique,True,4,0.1689428749959916,0.4127332919742912,48.060975074768066,100.0,2090
jeu13,arbre,unique,True,5,0.158286958001554,0.39797937497496605,48.060975074768066,100.0,2090
jeu13,arbre,unique,True,6,0.16696416697232053,0.4113174169906415,48.060975074768066,100.0,2090
jeu13,arbre,unique,True,7,0.15771858301013708,0.4046033750055358,48.060975074768066,100.0,2090
jeu13,arbre,unique,True,8,0.16015983297256753,0.4029135419987142,48.060975074768066,100.0,2090
jeu13,arbre,unique,True,9,0.16808108298573643,0.4161784999887459,48.060975074768066,100.0,2090
jeu13,arbre,unique,True,10,0.15841879101935774,0.40661112498492,48.060975074768066,100.0,2090
jeu13,arbre,unique,False,1,0.15917970798909664,0.5220236669993028,47.87515449523926,100.0,24
jeu13,arbre,unique,False,2,0.15813758299918845,0.5287507910397835,47.87515449523926,100.0,24
jeu13,arbre,unique,False,3,0.1566135419998318,0.5239637500490062,47.87515449523926,100.0,24
jeu13,arbre,unique,False,4,0.1582143330015242,0.5149916670052335,47.87515449523926,100.0,24
jeu13,arbre,unique,False,5,0.1596690829610452,0.5182490829611197,47.87515449523926,100.0,24
jeu13,arbre,unique,False,6,0.1580992080271244,0.5215440419851802,47.87515449523926,100.0,24
jeu13,arbre,unique,False,7,0.1567370830453001,0.5214038750273176,47.87515449523926,100.0,24
jeu13,arbre,unique,False,8,0.15988074999768287,0.5393745840410702,47.87515449523926,100.0,24
jeu13,arbre,unique,False,9,0.1582615419756621,0.5249082499649376,47.87515449523926,100.0,24
jeu13,arbre,unique,False,10,0.16500187502242625,0.5294642499648035,47.87515449523926,100.0,24
jeu14,arbre,unique,True,1,1.8010883330134675,4.262962375010829,555.9937152862549,100.0,9291
jeu14,arbre,unique,True,2,1.8223717500222847,4.2837663749814965,555.9937152862549,100.0,9291
jeu14,arbre,unique,True,3,1.8110122080543078,4.275253959000111,555.9937152862549,100.0,9291
jeu14,arbre,unique,True,4,1.8000564170069993,4.27046299999347,555.9937152862549,100.0,9291
jeu14,arbre,unique,True,5,1.8289535000221804,4.298530625004787,555.9937152862549,99.9,9291
jeu14,arbre,unique,True,6,2.2294977499987,5.826800582988653,555.9937152862549,91.1,9291
jeu14,arbre,unique,True,7,1.9713219159748405,4.524616875045467,555.9937152862549,99.5,9291
jeu14,arbre,unique,True,8,1.828090124996379,4.327157374995295,555.9937152862549,100.0,9291
jeu14,arbre,unique,True,9,1.8222341669606976,4.321902916999534,555.9937152862549,99.9,9291
jeu14,arbre,unique,True,10,1.8274797499761917,4.30897183297202,555.9937152862549,100.0,9291
jeu14,arbre,unique,False,1,1.881770999985747,5.745347834017593,554.172061920166,99.7,24
jeu14,arbre,unique,False,2,1.8004968750174157,5.574249166995287,554.172061920166,100.0,24
jeu14,arbre,unique,False,3,1.8132391669787467,5.651982332987245,554.172061920166,99.8,24
jeu14,arbre,unique,False,4,1.8103524170001037,5.6432821250054985,554.172061920166,100.0,24
jeu14,arbre,unique,False,5,1.8290327090071514,5.661730791965965,554.172061920166,100.0,24
jeu14,arbre,unique,False,6,1.803108207997866,5.581784249981865,554.172061920166,100.0,24
jeu14,arbre,unique,False,7,1.8228239580057561,5.64551829098491,554.172061920166,100.0,24
jeu14,arbre,unique,False,8,1.792078375001438,5.614904165966436,554.172061920166,100.0,24
jeu14,arbre,unique,False,9,1.8231142499716952,5.614891542005353,554.172061920166,100.0,24
jeu14,arbre,unique,False,10,1.8304712920216843,5.655582791951019,554.172061920166,100.0,24
jeu15,arbre,unique,True,1,11.368601625028532,26.34000433300389,2695.105598449707,99.9,120195
jeu15,arbre,unique,True,2,11.371413125016261,26.407665250007994,2695.105598449707,99.5,120195
jeu15,arbre,unique,True,3,11.701698500022758,26.71674299996812,2695.105598449707,99.7,120195
jeu15,arbre,unique,True,4,11.158816250041127,26.12152258300921,2695.105598449707,100.0,120195
jeu15,arbre,unique,True,5,10.953238792018965,25.727343125035986,2695.105598449707,100.0,120195
jeu15,arbre,unique,True,6,11.155633250018582,25.996752417006064,2695.105598449707,100.0,120195
jeu15,arbre,unique,True,7,11.07847241696436,25.945775166968815,2695.105598449707,100.0,120195
jeu15,arbre,unique,True,8,11.07213824999053,25.9543883340084,2695.105598449707,100.0,120195
jeu15,arbre,unique,True,9,11.093518082983792,26.057008999981917,2695.105598449707,100.0,120195
jeu15,arbre,unique,True,10,11.088241874997038,26.292604791990016,2695.105598449707,99.6,120195
jeu15,arbre,unique,False,1,11.370311958016828,32.27753424999537,2678.3202047348022,100.0,34
jeu15,arbre,unique,False,2,11.320651458983775,32.25755083397962,2678.3202047348022,100.0,34
jeu15,arbre,unique,False,3,11.452012332971208,32.52120374998776,2678.3202047348022,100.0,34
jeu15,arbre,unique,False,4,11.447514290979598,32.432202040974516,2678.3202047348022,100.0,34
jeu15,arbre,unique,False,5,11.446918415953405,32.42763654195005,2678.3202047348022,100.0,34
jeu15,arbre,unique,False,6,11.416503124986775,32.64662237500306,2678.3202047348022,99.9,34
jeu15,arbre,unique,False,7,11.575219416990876,32.846387874975335,2678.3202047348022,100.0,34
jeu15,arbre,unique,False,8,11.422765584022272,32.455626583017875,2678.3202047348022,100.0,34
jeu15,arbre,unique,False,9,11.478331791993696,32.471112166997045,2678.3202047348022,99.9,34
jeu15,arbre,unique,False,10,11.487139915989246,32.70827754097991,2678.3202047348022,100.0,34
jeu16,arbre,unique,True,1,0.3480596669833176,0.8052415000274777,109.72163963317871,100.0,1617
jeu16,arbre,unique,True,2,0.3463200419791974,0.8110728330211714,109.72163963317871,100.0,1617
jeu16,arbre,unique,True,3,0.35371975001180544,0.8192266669939272,109.72163963317871,100.0,1617
jeu16,arbre,unique,True,4,0.34818520897533745,0.8084440410020761,109.72163963317871,100.0,1617
jeu16,arbre,unique,True,5,0.3484677920350805,0.8119247499853373,109.72163963317871,100.0,1617
jeu16,arbre,unique,True,6,0.3478582079987973,0.8084075839724392,109.72163963317871,100.0,1617
jeu16,arbre,unique,True,7,0.34588645899202675,0.804836500028614,109.72163963317871,100.0,1617
jeu16,arbre,unique,True,8,0.34916904201963916,0.8126212079660036,109.72163963317871,100.0,1617
jeu16,arbre,unique,True,9,0.3497904170071706,0.8099832910229452,109.72163963317871,100.0,1617
jeu16,arbre,unique,True,10,0.34583599999314174,0.8097376250079833,109.72163963317871,100.0,1617
jeu16,arbre,unique,False,1,0.3479815000318922,1.025976124976296,109.56105518341064,100.0,22
jeu16,arbre,unique,False,2,0.34795224998379126,1.0256050829775631,109.56105518341064,100.0,22
jeu16,arbre,unique,False,3,0.3460905000101775,1.0304492919822223,109.56105518341064,100.0,22
jeu16,arbre,unique,False,4,0.34809041704284027,1.024204124987591,109.56105518341064,100.0,22
jeu16,arbre,unique,False,5,0.34621008299291134,1.0318563749897294,109.56105518341064,100.0,22
jeu16,arbre,unique,False,6,0.3478980839718133,1.0273718750104308,109.56105518341064,100.0,22
jeu16,arbre,unique,False,7,0.34731712500797585,1.0282495829742402,109.56105518341064,100.0,22
jeu16,arbre,unique,False,8,0.34590924996882677,1.027948707982432,109.56105518341064,100.0,22
jeu16,arbre,unique,False,9,0.35353658301755786,1.0446862499811687,109.56105518341064,100.0,22
jeu16,arbre,unique,False,10,0.3468543330091052,1.0295115420012735,109.56105518341064,100.0,22
jeu17,arbre,unique,True,1,2.5486862920224667,6.033291875035502,762.8769512176514,100.0,17760
jeu17,arbre,unique,True,2,2.5270873329718597,6.010183500009589,762.8769512176514,100.0,17760
jeu17,arbre,unique,True,3,2.539405833987985,6.017325582972262,762.8769512176514,100.0,17760
jeu17,arbre,unique,True,4,2.53405204199953,5.988674000022002,762.8769512176514,100.0,17760
jeu17,arbre,unique,True,5,2.530201292014681,5.963228291017003,762.8769512176514,100.0,17760
jeu17,arbre,unique,True,6,2.542362458014395,5.9681589169777,762.8769512176514,100.0,17760
jeu17,arbre,unique,True,7,2.5142628750181757,5.942636292020325,762.8769512176514,100.0,17760
jeu17,arbre,unique,True,8,2.5103828749852255,5.931730874988716,762.8769512176514,100.0,17760
jeu17,arbre,unique,True,9,2.503028000006452,5.922536000027321,762.8769512176514,100.0,17760
jeu17,arbre,unique,True,10,2.506335209007375,5.92637120798463,762.8769512176514,100.0,17760
jeu17,arbre,unique,False,1,2.5256921249674633,7.434016167011578,761.4397563934326,100.0,34
jeu17,arbre,unique,False,2,2.5406764170038514,7.424604874977376,761.4397563934326,100.0,34
jeu17,arbre,unique,False,3,2.5161289169918746,7.362940625054762,761.4397563934326,100.0,34
jeu17,arbre,unique,False,4,2.5304294169764034,7.430318582977634,761.4397563934326,100.0,34
jeu17,arbre,unique,False,5,2.4996773329912685,7.42073645797791,761.4397563934326,100.0,34
jeu17,arbre,unique,False,6,2.49936570803402,7.430514792038593,761.4397563934326,100.0,34
jeu17,arbre,unique,False,7,2.510283417010214,7.409678791998886,761.4397563934326,100.0,34
jeu17,arbre,unique,False,8,2.484105916984845,7.396433415997308,761.4397563934326,100.0,34
jeu17,arbre,unique,False,9,2.5371169590507634,7.431861291988753,761.4397563934326,100.0,34
jeu17,arbre,unique,False,10,2.50474291696446,7.377359125006478,761.4397563934326,100.0,34
jeu18,arbre,unique,True,1,29.112479624978732,70.25755408295663,6864.329676628113,89.8,153582
jeu18,arbre,unique,True,2,27.874519250006415,68.66648129199166,6864.329676628113,89.8,153582
jeu18,arbre,unique,True,3,27.638260459003504,68.39269491704181,6864.329676628113,91.9,153582
jeu18,arbre,unique,True,4,26.677843083976768,63.19232279097196,6864.329676628113,93.5,153582
jeu18,arbre,unique,True,5,26.306663291994482,62.51332470896887,6864.329676628113,94.1,153582
jeu18,arbre,unique,True,6,27.56621262495173,67.64842470898293,6864.329676628113,90.1,153582
jeu18,arbre,unique,True,7,27.46713483298663,67.3716419999837,6864.329676628113,90.0,153582
jeu18,arbre,unique,True,8,27.78275654098252,69.33924175001448,6864.329676628113,90.0,153582
jeu18,arbre,unique,True,9,27.20604733302025,66.40670124994358,6864.329676628113,90.3,153582
jeu18,arbre,unique,True,10,27.59793945896672,67.40398187498795,6864.329676628113,90.4,153582
jeu18,arbre,unique,False,1,27.264376250037458,80.65490866702748,6853.043646812439,91.4,32
jeu18,arbre,unique,False,2,27.39655316702556,81.30515720800031,6853.043646812439,91.6,32
jeu18,arbre,unique,False,3,27.40761716698762,81.01238758303225,6853.043646812439,91.2,32
jeu18,arbre,unique,False,4,26.700815209012944,76.67040629097028,6853.043646812439,95.9,32
jeu18,arbre,unique,False,5,26.00321758404607,74.9221386659774,6853.043646812439,96.5,32
jeu18,arbre,unique,False,6,26.057602957997005,78.69965570804197,6853.043646812439,91.1,32
jeu18,arbre,unique,False,7,27.627797749999445,81.46054708299926,6853.043646812439,91.5,32
jeu18,arbre,unique,False,8,27.13147833297262,80.59908058401197,6853.043646812439,91.6,32
jeu18,arbre,unique,False,9,27.172685292025562,79.72171179199358,6853.043646812439,91.4,32
jeu18,arbre,unique,False,10,26.85502420802368,76.46168241597479,6853.043646812439,96.7,32
jeu19,arbre,unique,True,1,0.5073842499987222,1.1003730000229552,153.366361618042,100.0,1317
jeu19,arbre,unique,True,2,0.47772545798216015,1.0493291250313632,153.366361618042,100.0,1317
jeu19,arbre,unique,True,3,0.4738774999859743,1.0782657919917256,153.366361618042,100.0,1317
jeu19,arbre,unique,True,4,0.4936995839816518,1.0674138339818455,153.366361618042,100.0,1317
jeu19,arbre,unique,True,5,0.49125370901310816,1.0866722500068136,153.366361618042,100.0,1317
jeu19,arbre,unique,True,6,0.4962442920077592,1.090347458026372,153.366361618042,100.0,1317
jeu19,arbre,unique,True,7,0.5006214579916559,1.0913137500174344,153.366361618042,100.0,1317
jeu19,arbre,unique,True,8,0.49276112497318536,1.0925854169763625,153.366361618042,100.0,1317
jeu19,arbre,unique,True,9,0.47547645802842453,1.069117915991228,153.366361618042,100.0,1317
jeu19,arbre,unique,True,10,0.48902933398494497,1.0799257920007221,153.366361618042,100.0,1317
jeu19,arbre,unique,False,1,0.4730551250395365,1.312957375019323,153.24345588684082,100.0,20
jeu19,arbre,unique,False,2,0.48330883402377367,1.3474484169855714,153.24345588684082,100.0,20
jeu19,arbre,unique,False,3,0.4939838339923881,1.3612610829877667,153.24345588684082,100.0,20
jeu19,arbre,unique,False,4,0.4906743750325404,1.3447290000040084,153.24345588684082,100.0,20
jeu19,arbre,unique,False,5,0.48417650000192225,1.3058321250136942,153.24345588684082,100.0,20
jeu19,arbre,unique,False,6,0.4758076670113951,1.326307374984026,153.24345588684082,100.0,20
jeu19,arbre,unique,False,7,0.5023295000428334,1.3540117500233464,153.24345588684082,100.0,20
jeu19,arbre,unique,False,8,0.5077323750010692,1.3289657499990426,153.24345588684082,100.0,20
jeu19,arbre,unique,False,9,0.48397679202025756,1.319764249958098,153.24345588684082,100.0,20
jeu19,arbre,unique,False,10,0.48862116696545854,1.341329750022851,153.24345588684082,100.0,20
jeu20,arbre,unique,True,1,4.684560333029367,10.14781762502389,1470.5905265808105,100.0,7408
jeu20,arbre,unique,True,2,4.733463749988005,10.167143374972511,1470.5905265808105,100.0,7408
jeu20,arbre,unique,True,3,4.751924875017721,10.220580041990615,1470.5905265808105,100.0,7408
jeu20,arbre,unique,True,4,4.812693457992282,10.445363165985327,1470.5905265808105,99.8,7408
jeu20,arbre,unique,True,5,4.690746915992349,10.146788667014334,1470.5905265808105,100.0,7408
jeu20,arbre,unique,True,6,4.635336458974052,10.03413087502122,1470.5905265808105,100.0,7408
jeu20,arbre,unique,True,7,4.6856731660082005,10.09832158399513,1470.5905265808105,100.0,7408
jeu20,arbre,unique,True,8,4.694621125003323,10.103965540998615,1470.5905265808105,100.0,7408
jeu20,arbre,unique,True,9,4.630987084005028,9.984115792030934,1470.5905265808105,100.0,7408
jeu20,arbre,unique,True,10,4.61331262497697,9.95918091700878,1470.5905265808105,100.0,7408
jeu20,arbre,unique,False,1,4.580750708992127,12.305776416964363,1469.2435636520386,100.0,24
jeu20,arbre,unique,False,2,4.641322041978128,12.310413375031203,1469.2435636520386,100.0,24
jeu20,arbre,unique,False,3,4.664174958015792,12.239143042010255,1469.2435636520386,100.0,24
jeu20,arbre,unique,False,4,4.563008124998305,12.179020540963393,1469.2435636520386,100.0,24
jeu20,arbre,unique,False,5,4.524790458963253,12.005884667043574,1469.2435636520386,100.0,24
jeu20,arbre,unique,False,6,4.639231083972845,12.326422207988799,1469.2435636520386,100.0,24
jeu20,arbre,unique,False,7,4.558516249991953,12.127868707990274,1469.2435636520386,100.0,24
jeu20,arbre,unique,False,8,4.610063874977641,12.191515499958768,1469.2435636520386,100.0,24
jeu20,arbre,unique,False,9,4.557549332967028,12.150256457971409,1469.2435636520386,100.0,24
jeu20,arbre,unique,False,10,4.630307792045642,12.308694417006336,1469.2435636520386,100.0,24
jeu21,arbre,unique,True,1,93.6437791660428,367.40396429097746,16481.299869537354,37.0,76863
jeu21,arbre,unique,True,2,88.71462333400268,357.03140612499556,16481.299869537354,37.7,76863
jeu21,arbre,unique,True,3,90.57921454199823,358.63720041600754,16481.299869537354,38.7,76863
jeu21,arbre,unique,True,4,94.40397929196479,357.06288587499876,16481.299869537354,39.3,76863
jeu21,arbre,unique,True,5,92.65128529199865,367.2567837910028,16481.299869537354,36.0,76863
jeu21,arbre,unique,True,6,89.6668103330303,325.7855252920417,16481.299869537354,42.5,76863
jeu21,arbre,unique,True,7,88.90363149996847,346.7166824580054,16481.299869537354,39.5,76863
jeu21,arbre,unique,True,8,87.92679554200731,347.97399349999614,16481.299869537354,39.9,76863
jeu21,arbre,unique,True,9,86.20805016701343,335.7170198339736,16481.299869537354,40.4,76863
jeu21,arbre,unique,True,10,89.44458770897472,363.72107308299746,16481.299869537354,37.1,76863
jeu21,arbre,unique,False,1,79.50118824996753,318.84329495899146,16468.495985031128,52.9,28
jeu21,arbre,unique,False,2,84.78076020802837,351.68287850002525,16468.495985031128,48.4,28
jeu21,arbre,unique,False,3,84.3280278329621,358.27409420796903,16468.495985031128,46.6,28
jeu21,arbre,unique,False,4,84.8497297919821,363.9197264169925,16468.495985031128,47.4,28
jeu21,arbre,unique,False,5,84.45007458300097,353.43016595899826,16468.495985031128,48.5,28
jeu21,arbre,unique,False,6,79.21195875003468,363.89807291602483,16468.495985031128,44.8,28
jeu21,arbre,unique,False,7,80.04181691701524,319.2035995409824,16468.495985031128,51.3,28
jeu21,arbre,unique,False,8,84.4220046250266,373.399528458016,16468.495985031128,44.6,28
jeu21,arbre,unique,False,9,79.15105845895596,325.5595737499534,16468.495985031128,49.9,28
jeu21,arbre,unique,False,10,87.05681704095332,376.5841075000353,16468.495985031128,44.9,28
jeu22,arbre,unique,True,1,0.612864917027764,1.380549666006118,196.32401180267334,100.0,687
jeu22,arbre,unique,True,2,0.6264347920077853,1.4034090830245987,196.32401180267334,100.0,687
jeu22,arbre,unique,True,3,0.616240665956866,1.376023625023663,196.32401180267334,100.0,687
jeu22,arbre,unique,True,4,0.6179888339829631,1.3945751250139438,196.32401180267334,100.0,687
jeu22,arbre,unique,True,5,0.6244824579916894,1.3864261669805273,196.32401180267334,100.0,687
jeu22,arbre,unique,True,6,0.6211378340376541,1.388395165966358,196.32401180267334,100.0,687
jeu22,arbre,unique,True,7,0.6268561250180937,1.4084155830205418,196.32401180267334,100.0,687
jeu22,arbre,unique,True,8,0.6192669169977307,1.3880811670096591,196.32401180267334,100.0,687
jeu22,arbre,unique,True,9,0.615351082989946,1.376332666957751,196.32401180267334,100.0,687
jeu22,arbre,unique,True,10,0.6117404579999857,1.3793404169846326,196.32401180267334,100.0,687
jeu22,arbre,unique,False,1,0.6091974580194801,1.7683896669768728,196.22135066986084,100.0,14
jeu22,arbre,unique,False,2,0.62072495900793,1.7939619590179063,196.22135066986084,100.0,14
jeu22,arbre,unique,False,3,0.620788750005886,1.7787590000079945,196.22135066986084,100.0,14
jeu22,arbre,unique,False,4,0.6144849159754813,1.7671626660157926,196.22135066986084,100.0,14
jeu22,arbre,unique,False,5,0.6135110000032,1.78465987497475,196.22135066986084,100.0,14
jeu22,arbre,unique,False,6,0.6161373329814523,1.7798261670395732,196.22135066986084,100.0,14
jeu22,arbre,unique,False,7,0.6146342089632526,1.7834058330045082,196.22135066986084,100.0,14
jeu22,arbre,unique,False,8,0.6225177919841371,1.7794985829968937,196.22135066986084,100.0,14
jeu22,arbre,unique,False,9,0.6207330000470392,1.777434625022579,196.22135066986084,100.0,14
jeu22,arbre,unique,False,10,0.6146153749432415,1.7744071659981273,196.22135066986084,100.0,14
jeu23,arbre,unique,True,1,3.783177750010509,8.361117499996908,1092.6373710632324,100.0,21967
jeu23,arbre,unique,True,2,3.751469624985475,8.322710874956101,1092.6373710632324,100.0,21967
jeu23,arbre,unique,True,3,3.804869375017006,8.368202542013023,1092.6373710632324,100.0,21967
jeu23,arbre,unique,True,4,3.7426447499892674,8.290839042048901,1092.6373710632324,100.0,21967
jeu23,arbre,unique,True,5,3.786811750032939,8.36107537499629,1092.6373710632324,100.0,21967
jeu23,arbre,unique,True,6,3.7693618750199676,8.323878416966181,1092.6373710632324,100.0,21967
jeu23,arbre,unique,True,7,3.7771529579767957,8.343010874988977,1092.6373710632324,100.0,21967
jeu23,arbre,unique,True,8,3.7904235830064863,8.34531862498261,1092.6373710632324,100.0,21967
jeu23,arbre,unique,True,9,3.748352500027977,8.323687084019184,1092.6373710632324,100.0,21967
jeu23,arbre,unique,True,10,3.806936083943583,8.435923458018806,1092.6373710632324,100.0,21967
jeu23,arbre,unique,False,1,3.758164042024873,10.051951624976937,1091.2703857421875,100.0,30
jeu23,arbre,unique,False,2,3.7874024579650722,10.121137750044,1091.2703857421875,100.0,30
jeu23,arbre,unique,False,3,3.786874582991004,10.123825166956522,1091.2703857421875,100.0,30
jeu23,arbre,unique,False,4,3.735873374971561,10.033628917008173,1091.2703857421875,100.0,30
jeu23,arbre,unique,False,5,3.7608794170082547,10.075299999967683,1091.2703857421875,100.0,30
jeu23,arbre,unique,False,6,3.7528913330170326,10.040668374975212,1091.2703857421875,100.0,30
jeu23,arbre,unique,False,7,3.763198541942984,10.06948787503643,1091.2703857421875,100.0,30
jeu23,arbre,unique,False,8,3.7543132500140928,10.099074042052962,1091.2703857421875,100.0,30
jeu23,arbre,unique,False,9,3.7335431670071557,10.065684250032064,1091.2703857421875,100.0,30
jeu23,arbre,unique,False,10,3.747604083037004,10.0676122920122,1091.2703857421875,100.0,30
jeu24,arbre,unique,True,1,113.68045525002526,432.81147445802344,18033.42479801178,23.7,85558
jeu24,arbre,unique,True,2,95.42972808302147,404.96722629101714,18033.42479801178,26.2,85558
jeu24,arbre,unique,True,3,105.08016262500314,413.11428966600215,18033.42479801178,26.5,85558
jeu24,arbre,unique,True,4,97.13742387504317,394.6501635000459,18033.42479801178,26.5,85558
jeu24,arbre,unique,True,5,98.71775579202222,409.03302187501686,18033.42479801178,25.0,85558
jeu24,arbre,unique,True,6,98.60036470904015,403.56381508300547,18033.42479801178,26.6,85558
jeu24,arbre,unique,True,7,96.98020766698755,404.4483985409606,18033.42479801178,25.4,85558
jeu24,arbre,unique,True,8,96.94559183396632,405.21119708399056,18033.42479801178,26.2,85558
jeu24,arbre,unique,True,9,95.88643762498396,398.6405016669887,18033.42479801178,25.0,85558
jeu24,arbre,unique,True,10,102.8122438749997,417.2668867909815,18033.42479801178,24.5,85558
jeu24,arbre,unique,False,1,97.39284383301856,414.9395237080171,18020.758498191833,29.0,16
jeu24,arbre,unique,False,2,108.68270762497559,449.2915377909667,18020.758498191833,26.5,16
jeu24,arbre,unique,False,3,98.10887587501202,423.07703991699964,18020.758498191833,27.7,16
jeu24,arbre,unique,False,4,92.38729595800396,409.0885745419655,18020.758498191833,28.4,16
jeu24,arbre,unique,False,5,105.41553395800292,451.09095491695916,18020.758498191833,26.3,16
jeu24,arbre,unique,False,6,102.2877483330085,437.7272232090472,18020.758498191833,27.8,16
jeu24,arbre,unique,False,7,106.54781037499197,438.9310654590372,18020.758498191833,26.2,16
jeu24,arbre,unique,False,8,97.36791408399586,418.18202962499345,18020.758498191833,28.4,16
jeu24,arbre,unique,False,9,98.32002708298387,438.92645354103297,18020.758498191833,26.4,16
jeu24,arbre,unique,False,10,97.0996514169965,429.3362156669609,18020.758498191833,29.8,16
